[
    {
        "model": "survey.URL",
        "pk": 1,
        "fields": {
             "location": "/surveyone/"
        }
    },
    {
        "model": "survey.URL",
        "pk": 2,
        "fields": {
             "location": "/surveytwo/"
        }
    },
    {
        "model": "survey.URL",
        "pk": 3,
        "fields": {
             "location": "/surveythree/"
        }
    },
    {
        "model": "survey.URL",
        "pk": 4,
        "fields": {
             "location": "/surveyfour/"
        }
    },
    {
        "model": "survey.URL",
        "pk": 5,
        "fields": {
             "location": "/surveyfive/"
        }
    },
    {
        "model": "survey.URL",
        "pk": 6,
        "fields": {
             "location": "/surveysix/"
        }
    },
    {
        "model": "survey.URL",
        "pk": 7,
        "fields": {
             "location": "/surveyseven/"
        }
    },
    {
        "model": "survey.URL",
        "pk": 8,
        "fields": {
             "location": "/surveyeight/"
        }
    },
    {
        "model": "survey.URL",
        "pk": 9,
        "fields": {
             "location": "/surveynine/"
        }
    }
]